{
  "Agartala": [
    23.8312377,
    91.2823821
  ],
  "Agra": [
    27.1752554,
    78.0098161
  ],
  "Ahmedabad": [
    23.0215374,
    72.5800568
  ],
  "Ajmer": [
    26.4691,
    74.639
  ],
  "Aligarh": [
    27.8761073,
    78.1358153
  ],
  "Ambala": [
    30.3843674,
    76.770421
  ],
  "Amritsar": [
    31.6356659,
    74.8787496
  ],
  "Aurangabad": [
    19.877263,
    75.3390241
  ],
  "Bareilly": [
    28.4582345,
    79.4047452
  ],
  "Belagavi": [
    16.1587846,
    74.888862
  ],
  "Bengaluru": [
    12.9767936,
    77.590082
  ],
  "Bhavnagar": [
    21.7718836,
    72.1416449
  ],
  "Bhopal": [
    23.2584857,
    77.401989
  ],
  "Bhubaneswar": [
    20.2602964,
    85.8394521
  ],
  "Bikaner": [
    28.0159286,
    73.3171367
  ],
  "Bilaspur": [
    22.1638486,
    82.1365923
  ],
  "Chandigarh": [
    30.7334421,
    76.7797143
  ],
  "Chennai": [
    13.0836939,
    80.270186
  ],
  "Coimbatore": [
    11.0018115,
    76.9628425
  ],
  "Cuttack": [
    20.4686,
    85.8792
  ],
  "Davangere": [
    14.4661266,
    75.9206361
  ],
  "Dehradun": [
    30.3255646,
    78.0436813
  ],
  "Delhi": [
    28.6138954,
    77.2090057
  ],
  "Dhanbad": [
    23.7952809,
    86.4309638
  ],
  "Faridabad": [
    28.4031478,
    77.3105561
  ],
  "Gaya": [
    24.7964355,
    85.0079563
  ],
  "Guntur": [
    16.2915189,
    80.4541588
  ],
  "Gurugram": [
    28.4646148,
    77.0299194
  ],
  "Guwahati": [
    26.1805978,
    91.753943
  ],
  "Gwalior": [
    26.2037247,
    78.1573628
  ],
  "Haridwar": [
    29.9123514,
    78.0087178
  ],
  "Hubli": [
    15.3518378,
    75.1379848
  ],
  "Hyderabad": [
    17.360589,
    78.4740613
  ],
  "Imphal": [
    24.7991162,
    93.9364419
  ],
  "Indore": [
    22.7203616,
    75.8681996
  ],
  "Jabalpur": [
    23.1701522,
    79.9324505
  ],
  "Jaipur": [
    26.9154576,
    75.8189817
  ],
  "Jalandhar": [
    31.2922312,
    75.5678878
  ],
  "Jammu": [
    32.7185614,
    74.8580917
  ],
  "Jamnagar": [
    22.4732415,
    70.0552102
  ],
  "Jamshedpur": [
    22.8015194,
    86.2029579
  ],
  "Jodhpur": [
    26.2967719,
    73.0351433
  ],
  "Kanpur": [
    26.4609135,
    80.3217588
  ],
  "Kochi": [
    9.9679032,
    76.2444378
  ],
  "Kolhapur": [
    16.7028412,
    74.2405329
  ],
  "Kolkata": [
    22.5726459,
    88.3638953
  ],
  "Kota": [
    25.1737019,
    75.8574194
  ],
  "Kozhikode": [
    11.2450558,
    75.7754716
  ],
  "Lucknow": [
    26.8381,
    80.9346001
  ],
  "Ludhiana": [
    30.9090157,
    75.851601
  ],
  "Madurai": [
    9.9261153,
    78.1140983
  ],
  "Mangalore": [
    12.8698101,
    74.8430082
  ],
  "Mathura": [
    27.4955539,
    77.6855554
  ],
  "Meerut": [
    29.0018557,
    77.7679671
  ],
  "Moradabad": [
    28.8796553,
    78.8095335
  ],
  "Mumbai": [
    19.054999,
    72.8692035
  ],
  "Muzaffarpur": [
    26.1482548,
    85.3316097
  ],
  "Mysuru": [
    12.3051828,
    76.6553609
  ],
  "Nagpur": [
    21.1498134,
    79.0820556
  ],
  "Nashik": [
    20.0112475,
    73.7902364
  ],
  "Panaji": [
    15.4989946,
    73.8282141
  ],
  "Patna": [
    25.6093239,
    85.1235252
  ],
  "Prayagraj": [
    25.4381302,
    81.8338005
  ],
  "Pune": [
    18.5213738,
    73.8545071
  ],
  "Raipur": [
    21.2380912,
    81.6336993
  ],
  "Rajkot": [
    22.3053263,
    70.8028377
  ],
  "Ranchi": [
    23.3700501,
    85.3250387
  ],
  "Rourkela": [
    22.2309255,
    84.8678705
  ],
  "Salem": [
    11.6469616,
    78.2106958
  ],
  "Shillong": [
    25.5759931,
    91.8827872
  ],
  "Shimla": [
    31.1040393,
    77.1707923
  ],
  "Siliguri": [
    26.7164127,
    88.4309916
  ],
  "Solapur": [
    17.8499067,
    75.2763203
  ],
  "Srinagar": [
    34.0747444,
    74.8204443
  ],
  "Surat": [
    21.2094892,
    72.8317058
  ],
  "Thiruvananthapuram": [
    8.4882267,
    76.947551
  ],
  "Thrissur": [
    10.5270099,
    76.214621
  ],
  "Tiruchirappalli": [
    10.8071144,
    78.6880939
  ],
  "Tirunelveli": [
    8.5495014,
    77.5805178
  ],
  "Tirupati": [
    13.6316368,
    79.4231711
  ],
  "Udaipur": [
    24.578721,
    73.6862571
  ],
  "Vadodara": [
    22.2973142,
    73.1942567
  ],
  "Varanasi": [
    25.3356491,
    83.0076292
  ],
  "Vellore": [
    12.9021849,
    79.061104
  ],
  "Vijayawada": [
    16.5115306,
    80.6160469
  ],
  "Visakhapatnam": [
    17.6935526,
    83.2921297
  ],
  "Warangal": [
    17.9820644,
    79.5970954
  ]
}